id,category,wait_time,turnaround,duration
f5b8a3ab-a7d8-4920-b1c8-6922d5766e21,CPU,0.0,0.29999999999999716,0.3
67836c17-24bf-44a8-aca7-e6b7a9ac1ce1,CPU,54.3,54.61,0.31
bf5cbbfa-b364-4f53-a62b-90df9b61d762,CPU,56.61,56.92999999999999,0.32
114f29e2-127d-4a7b-b344-029c5da22b56,CPU,45.92999999999999,46.249999999999986,0.32
72eaef6a-03e1-49c5-914c-399ea78ce6a1,CPU,66.24999999999999,66.57999999999998,0.33
f59ef0c0-c3d6-41b4-8293-8016478840f1,CPU,34.579999999999984,34.90999999999998,0.33
3cc13e22-830c-479e-b946-b5e0747f4ef7,CPU,38.90999999999998,39.249999999999986,0.34
d10b0ca3-aafb-49fe-a57c-0cef502c85d0,CPU,34.249999999999986,34.58999999999999,0.34
c890f548-4620-47cf-9b68-70b817c6d0c8,CPU,8.58999999999999,8.929999999999993,0.34
a457cdbf-c1c0-46a8-b5d4-b35adf9fe6a2,CPU,0.9299999999999926,1.269999999999996,0.34
8eba6cb7-fdd9-4c5a-b9e7-0a51afbd146e,CPU,72.27,72.63,0.36
fe065838-4bc1-4744-a81d-eac80e110375,CPU,8.629999999999995,8.989999999999995,0.36
4c47eecf-5781-4211-b897-2e9e08f82018,CPU,58.989999999999995,59.36,0.37
2a203b0b-e553-4058-9719-755ddf0fc775,CPU,12.36,12.730000000000004,0.37
02ac6f66-f29c-4760-8045-389fe6a23c1b,CPU,66.73,67.12,0.39
03b92efa-ab7c-487a-bfef-68b6e57137a0,CPU,54.120000000000005,54.510000000000005,0.39
d146e84a-6ece-4037-97e6-3a72624b77c3,CPU,0.0,0.39000000000000057,0.39
1c574903-6f09-4b5e-8fc6-f5e479ff1d44,CPU,0.0,0.39000000000000057,0.39
4b6220bd-7ef3-4793-bd7a-130397d60665,CPU,48.39,48.790000000000006,0.4
2bbaadea-aacf-4779-8f60-969c1dde292d,CPU,52.790000000000006,53.2,0.41
94fe377d-02fa-404a-b29f-b57fa25cce34,CPU,11.200000000000003,11.61,0.41
4dcfb995-8e53-42b1-951a-20d3b1d70a12,CPU,57.61,58.03,0.42
2dbb6821-61ee-4df2-ab22-94e2b5cd3bf7,CPU,43.03,43.45,0.42
66430b9f-4429-4a9b-85ad-471686383b2e,CPU,39.45,39.870000000000005,0.42
1602f9f4-6310-41f6-bfbd-e29e1126b2ca,CPU,74.87,75.30000000000001,0.43
aaf8f819-9d1f-44a1-a9f0-e170df9c52e8,CPU,11.300000000000011,11.730000000000018,0.43
dae6d99e-c6ed-4481-8332-18d69fabe0d7,CPU,89.73000000000002,90.17000000000002,0.44
88af2f22-1505-4f65-ac01-8e311874a353,CPU,53.170000000000016,53.610000000000014,0.44
cf709a82-1a18-42de-8f46-ce31d037612e,CPU,23.610000000000014,24.05000000000001,0.44
5cd06d5f-f9a2-48ed-aec2-7e9afcd52560,CPU,88.05000000000001,88.50000000000001,0.45
fc363cfa-385e-4100-8e32-4fe1bae40a8c,CPU,84.50000000000001,84.96000000000001,0.46
ce089666-7460-4bf6-9c5e-a35833fa7289,CPU,28.960000000000008,29.42,0.46
5af649a9-446e-4208-b277-ab65ec834f85,CPU,17.42,17.879999999999995,0.46
1c5c08e8-0fd6-4be7-8dc5-8cd85c52a3a9,CPU,11.879999999999995,12.33999999999999,0.46
8632aebc-db1c-4f6b-a7b6-73b8503a7b67,CPU,80.33999999999999,80.80999999999999,0.47
b33ad583-3c31-42c7-9f02-b743da4f9085,CPU,50.80999999999999,51.27999999999999,0.47
9d3ad5ca-f684-4535-a109-4774097f0b5f,CPU,43.27999999999999,43.749999999999986,0.47
20cc7356-0cf2-4365-830f-9b9c73a8ba14,CPU,93.74999999999999,94.24999999999999,0.5
97896ce3-6942-4b80-87e5-e3f3f7a7587d,CPU,79.24999999999999,79.74999999999999,0.5
66cdce38-9485-430a-a9dc-bf0ca1d2a9a1,CPU,54.749999999999986,55.249999999999986,0.5
c1acef0e-f47a-4e70-b76d-cb14116d2283,CPU,40.249999999999986,40.75999999999999,0.51
e6208b32-3efc-4583-9bc8-0192d84e7a1b,CPU,86.75999999999999,87.27999999999999,0.52
472631ef-7159-422a-b9d5-3a13e5b865c4,CPU,104.27999999999999,104.80999999999999,0.53
21ef6af0-44cb-45eb-9805-0b495b1c1fb0,CPU,38.80999999999999,39.359999999999985,0.55
344f9b6b-3e3c-47b4-a6fa-383dba1461a7,CPU,27.359999999999985,27.909999999999982,0.55
869799bd-18e7-45f1-823c-23c6b3a54a2c,CPU,19.909999999999982,20.45999999999998,0.55
c03e5a60-bffd-4b8d-8ff1-a237c7eacc66,CPU,87.45999999999998,88.01999999999998,0.56
8436f83a-e14b-4a23-bc1c-31a74d06dffa,CPU,32.01999999999998,32.579999999999984,0.56
c9ea0580-8cfb-47d1-970a-fa8dafe2eea9,CPU,16.579999999999984,17.139999999999986,0.56
d2434ac4-0ff5-4424-889e-36c3b07b3a12,CPU,72.13999999999999,72.70999999999998,0.57
c27b5fb7-62ae-41d3-8585-53f2068a8b4e,CPU,13.70999999999998,14.279999999999973,0.57
cc52212f-1ab2-41a9-b3f9-067445e833b2,CPU,112.27999999999997,112.85999999999997,0.58
cae57683-5620-442c-b46b-64ff1b6b65d4,CPU,106.85999999999997,107.44999999999997,0.59
0cfcc2bc-89c1-40da-8a74-5b903ebfa682,CPU,104.44999999999997,105.03999999999998,0.59
8739fad2-4217-4ccf-a787-d316fea87314,CPU,96.03999999999998,96.62999999999998,0.59
a4a2e0fe-48d2-4339-ac5a-9cac8d9d8b16,CPU,85.62999999999998,86.21999999999998,0.59
11a3621e-13bb-4795-b3ed-42de373ddd20,CPU,58.219999999999985,58.80999999999999,0.59
b874aae3-bcf6-4c7c-98e2-4e25b67c0842,CPU,52.80999999999999,53.39999999999999,0.59
a0592064-a2e9-406a-87e2-1fcca7201a79,CPU,41.39999999999999,41.989999999999995,0.59
45772f4e-3449-4e2a-af5f-d5c4f9e18bdd,CPU,67.99,68.58999999999999,0.6
666c6d07-8403-48e2-beb6-6dfcf03cd107,CPU,65.58999999999999,66.18999999999998,0.6
885ff51c-1537-456c-a070-9222e75ea4fc,CPU,62.18999999999998,62.78999999999998,0.6
beb23aef-07b0-4659-a4cc-457fb11401f8,CPU,39.78999999999998,40.38999999999997,0.6
1eb7f8b8-9b91-4228-973c-be69b4773054,CPU,115.38999999999997,115.99999999999997,0.61
94f436c8-7eb9-417b-b35f-8dfaa3345f9b,CPU,74.99999999999997,75.61999999999998,0.62
89c14e71-de1f-4f96-9d56-0a7aaa120f15,CPU,92.61999999999998,93.24999999999997,0.63
091ddadc-3a7b-40d5-b0fe-2a7b7329b45d,CPU,91.24999999999997,91.87999999999997,0.63
982f6a7c-1be0-4248-845e-3620ba179ea4,CPU,50.87999999999997,51.51999999999997,0.64
f04dca14-62b5-4969-bf9e-cefb4c70689a,CPU,54.51999999999997,55.16999999999997,0.65
92a53f71-5573-4912-96a6-da194f664c3a,CPU,121.16999999999997,121.82999999999997,0.66
5163213b-469c-44ba-911d-d50e613abd8e,CPU,33.82999999999997,34.48999999999997,0.66
6d8c8fcb-5970-4a47-a31e-bccc7978bf4c,CPU,81.48999999999997,82.15999999999997,0.67
72679885-3130-424f-8e1f-d4e252103592,CPU,113.15999999999997,113.83999999999997,0.68
1952d24e-62fc-4788-842d-f416f0b725a2,CPU,91.83999999999997,92.51999999999998,0.68
5ba935e8-1983-491e-b790-a5a545a34a88,CPU,80.51999999999998,81.19999999999999,0.68
8f2adddd-150e-4a58-ad97-c80c5eeff973,CPU,60.19999999999999,60.879999999999995,0.68
308cc9b1-5c72-4f82-beb5-8d9f0bd1577d,CPU,44.879999999999995,45.56,0.68
4272d753-38ac-45f1-bd82-bae48c22a549,CPU,36.56,37.24000000000001,0.68
cd8e92c9-0a08-41af-b81f-b8daec258dc0,CPU,102.24000000000001,102.93,0.69
c6d396dd-4ebd-44f3-a68a-699eb7d7495a,CPU,94.93,95.62,0.69
ae6cdc3a-2dbb-4a9a-84a9-2a25eb08cadf,CPU,80.62,81.31,0.69
093c3b38-fd1a-42d3-9727-2f9643b69ca0,CPU,77.31,78.0,0.69
715b0302-0251-4d9f-a2d3-43c96abe8473,CPU,39.0,39.69999999999999,0.7
602b3358-f26b-427c-a4be-d60fefca0a4b,CPU,33.69999999999999,34.39999999999998,0.7
286933b7-f057-4421-886a-c28f24f9409e,CPU,97.39999999999998,98.10999999999999,0.71
dd27f1d3-ce70-408c-99cf-ec49e5817d30,CPU,58.109999999999985,58.81999999999999,0.71
b7458c9a-1a5f-485b-b551-5f1974e8ba69,CPU,52.81999999999999,53.53,0.71
1d17d8a7-8fc2-4cdc-a09b-53a9fc2826f3,CPU,116.53,117.25,0.72
6053a821-cbfc-41ca-a7f7-89eabcfd9b77,CPU,94.25,94.97,0.72
63f5c746-bfaa-4875-b21d-4eedaad8bc6a,CPU,95.97,96.69999999999999,0.73
eb287f4b-bb3b-4cc0-a1b8-04c4a9a5c768,CPU,105.69999999999999,106.44,0.74
d9f68051-c811-495f-a782-992d22edea4e,CPU,64.44,65.18,0.74
923c08c3-4351-4af1-8ebf-47e88bf79503,CPU,81.18,81.93,0.75
3b09a5e4-abc8-4bc5-ba07-05b7979a8a7c,CPU,42.93000000000001,43.68000000000001,0.75
1fae3469-b4ab-451c-a683-65c728ebf575,CPU,80.68,81.44,0.76
e53f1015-3c0f-4285-8018-408626ee2a6c,CPU,57.44,58.19999999999999,0.76
5b9e50b8-da8a-47fa-aaab-3dbff468632c,CPU,62.19999999999999,62.97,0.77
2eba00fa-cb27-442d-a621-7a76ab02d519,CPU,47.97,48.74000000000001,0.77
83358a8d-7d0a-4199-b61d-4775a61b68d5,CPU,112.74000000000001,113.52000000000001,0.78
8ad744ec-fde8-4b24-9e89-95794b28a35d,CPU,137.52,138.32000000000002,0.8
